username,tweet_text,tweet_raw,date,happy,angry,surprise,sad,fear,afinn,bing,sid,bertweet,bertweet_confidence
maegurwen,after analysis it seems its a cheese and tomato pizza with curly fries and turkey dinosaurs with what looks to be apple pie bites but im not 100 sure lightly cremated like the combo just not on a pizza  1,After analysis It seems its a cheese and tomato pizza with curly fries and turkey dinosaurs with what looks to be apple pie bites but Im not 100 sure lightly cremated.Like the combo just not on a pizza. - 1.,11/20/2023,0.0,0.0,0.0,0.0,1.0,2,2,0.204,0,0.9556699395179749
Esport_CanadaPS,here are the groups for the upcoming ecps canadian esports nationals for overwatch 2  two teams out of each group advance to the playoff round which two teams do you have advancing which team do you think will take the crown,Here are the groups for the upcoming ECPS Canadian Esports Nationals for Overwatch 2!Two teams out of each group advance to the playoff round. Which two teams do you have advancing? Which team do you think will take the crown?,11/18/2023,0.33,0.0,0.67,0.0,0.0,0,0,0.0,0,0.9325984120368958
MHaskells,im sorry i missed the part where hasan actually educates himself with anything,Im sorry I missed the part where Hasan actually educates himself with anything,11/20/2023,0.0,0.0,0.0,1.0,0.0,-3,-2,-0.3612,-1,0.8807060718536377
OctaneCollege,finally rounding out the week 4 scores  its group k vs l   alabamaesports sorority row  esports_gcu oreo  nuesports   esportsmcgill   fullsailarmada,Finally rounding out the Week 4 Scores - Its Group K vs L!ü•á @AlabamaEsports Sorority Rowü•à @Esports_GCU Oreoü•â @NUEsports üèÖ @EsportsMcGill üèÖ @FullSailArmada,11/15/2023,0.0,0.33,0.33,0.0,0.33,0,0,0.0,0,0.961060643196106
PaulBMcGill,sunny side up as they say youegg,Sunny side up as they say #YouEgg.,11/20/2023,1.0,0.0,0.0,0.0,0.0,0,0,0.4215,0,0.5529203414916992
engineers_feed,open the bloom of your heart and become a gift of beauty to the world  bryant mcgill,‚ÄúOpen the bloom of your heart and become a gift of beauty to the world.‚Äù- Bryant McGill,11/18/2023,0.33,0.0,0.0,0.33,0.33,2,2,0.7717,1,0.9591710567474365
dvorahfr,mcgill university on the other side gender on the other side of the dichotomy relative to sex try logic,McGill University. On the other side. Gender on the other side of the dichotomy relative to sex. Try logic.,11/19/2023,0.0,0.0,0.0,0.0,0.0,0,0,0.0,0,0.9394273161888123
NoCisgender,or as we know it home,Or as we know it. Home üá≥üáø,11/20/2023,0.0,0.0,0.0,1.0,0.0,0,0,0.0,0,0.9515202045440674
AlTaylorNZ,cockblocked me it cockdelayed you,cockblocked ME it cockdelayed You.,11/19/2023,0.0,0.0,0.0,0.0,0.0,0,0,0.0,-1,0.8982647657394409
engineers_feed,they need every bit of good news right now too,They need every bit of good news right now too,11/18/2023,0.0,0.0,0.0,0.0,0.0,3,2,0.4404,1,0.544223427772522
PaulBMcGill,jesus x judas ship name doublecross is this anything,jesus x judas ship name doublecross is this anything,11/20/2023,0.0,0.0,0.0,0.0,0.0,1,0,0.0,0,0.9606658220291138
erebedragons,some good news at last for alliance pandasport bendooley8 deane_ag paulbmcgill deanrabbidge grant_farquhar   southland ribeye steak judged best in the world rnzconznewsnational5028,Some good news at last for #Alliance@Pandasport @BenDooley8 @deane_ag @PaulBMcGill @deanrabbidge @grant_farquhar Southland ribeye steak judged best in the world rnz.co.nz/news/national/5028‚Ä¶,11/19/2023,0.0,0.0,0.0,0.0,0.0,6,2,0.7964,1,0.9865257740020752
JamesMc36900858,yummy wish i could luck you out xx,Yummy wish i could luck you out xx,11/20/2023,1.0,0.0,0.0,0.0,0.0,7,1,0.8442,1,0.9829580187797546
HensleyJed11170,get prizes in my profile,Get prizes in my profile üìç,11/20/2023,0.0,0.0,0.0,0.0,1.0,0,0,0.4588,0,0.6573931574821472
HendrixGri32675,get launch in my profile,Get launch in my profile üí∞,11/20/2023,0.0,0.0,0.0,0.0,0.0,0,0,0.0,0,0.9485482573509216
snoopymoding,this isnt the worst youve gotten from me,this isn‚Äôt the worst you‚Äôve gotten from me,11/20/2023,0.0,0.0,0.0,1.0,0.0,-3,-1,0.5096,-1,0.9561122059822083
wulterwhut,not according to article 517 of the geneva conventions you twat hamas knows the consequences of using civilian infrastructure as terror bases,Not according to Article 51(7) of the Geneva Conventions you twat. Hamas knows the consequences of using civilian infrastructure as terror bases,11/20/2023,0.0,0.0,0.0,0.5,0.5,-8,-1,-0.8316,-1,0.9608984589576721
SkinnyTuna,im autistic about    my wife  my special interest is her smile my stim is texting her pictures of clouds  my melting down is when her phone battery dies     my special interest is her laugh,im autistic about    my wife . My special interest is her smile. my stim is texting her pictures of clouds . My melting down is when her phone battery dies   .  my special interest is her laugh,11/19/2023,0.43,0.0,0.29,0.14,0.14,5,0,0.9477,1,0.6672351956367493
prezoh,the fact that gen z is trying to cancel eminem is really pissing me off,the fact that gen z is trying to cancel eminem is really pissing me off,11/20/2023,0.0,1.0,0.0,0.0,0.0,-4,0,-0.6115,-1,0.9757205247879028
Groguthebabu,you sure its all good man  jimmy mcgill,‚ÄúYou sure it‚Äôs all good man?‚ÄùJimmy McGill:,11/20/2023,0.0,0.0,0.0,0.0,0.0,3,1,0.6369,0,0.9076714515686035
snoopymoding,love when youre talking to the dog and he goes in jump mode,love when you‚Äôre talking to the dog and he goes in jump mode,11/20/2023,0.5,0.0,0.5,0.0,0.0,3,1,0.6369,1,0.9850737452507019
PaulBMcGill,farmers put in 100m tax payers similar too dragging the chain you kidding right,ü•¥. Farmers put in $100m+ tax payers similar too. ‚ÄòDragging the chain!‚Äô You kidding right!!!,11/20/2023,0.5,0.0,0.0,0.5,0.0,0,0,0.1027,-1,0.8613776564598083
ghoulhag,pillow humping is a lost art,pillow humping is a lost art,11/19/2023,0.0,0.0,0.0,1.0,0.0,-3,-1,-0.3182,-1,0.8794441819190979
CoachMcGillpt2,rewatching succession not sure ill ever forget the feeling i had watching the finale and hearing the theme song for the last time,Rewatching succession‚Ä¶ not sure I‚Äôll ever forget the feeling I had watching the finale and hearing the theme song for the last time,11/20/2023,0.0,0.5,0.5,0.0,0.0,-2,0,0.195,1,0.926483154296875
Ronny__Deila,you know nothing  miss mcgill walking about with a smile i bet,You know nothing.  Miss McGill walking about with a smile I bet,11/20/2023,0.33,0.0,0.0,0.33,0.33,0,0,0.4486,0,0.6813293099403381
MrDash109,justin trudeau has degrees from mcgill and ubc and then taught students high school math  analytic geometry calculus vectors and advanced functions etc  which nitwits like career politician never had a real job pierre poilievre lets face it likely cant even spell properly,Justin Trudeau has degrees from McGill and UBC and then taught students high school math - analytic geometry calculus vectors and advanced functions etc - which nitwits like career politician never had a real job Pierre Poilievre lets face it likely cant even spell properly.,11/19/2023,0.17,0.0,0.0,0.5,0.33,3,3,0.5423,-1,0.9669471383094788
____Ciaran____,this is the moment jimmy mcgill becomes heisenberg,This is the moment Jimmy McGill becomes heisenberg,11/20/2023,0.0,0.0,0.0,0.0,1.0,0,0,0.0,0,0.7889237999916077
JLaFrance3WV,good butchmcgill monday morning from west by god   start out a week honoring the west virginia  fixin to head to my er and kick ass heres the mighty butch mcgill about to pass paul wilmoth on the outside 2003 at tyler county speedway be good yall   jim newkirk,Good #ButchMcGill Monday Morning from West by God üíô üíõ start out a week honoring the West Virginia üêê fixin to head to my ER and kick ass heres The Mighty Butch McGill about to pass Paul Wilmoth on the outside 2003 at Tyler County Speedway be good Yall üì∑ Jim Newkirk,11/20/2023,0.0,0.0,0.67,0.0,0.33,5,4,0.7717,1,0.9839391708374023
QuincyMcgill14,so whats up with the power wall for my solar system,So what‚Äôs up with the power wall for my solar system??,11/20/2023,0.0,0.67,0.0,0.0,0.33,0,0,0.0,0,0.9296493530273438
60Minutes,then 16yearold vlad rudenko says he was taken from his home by armed men and sent to a russiancontrolled camp in crimea children at the camp say they were told lies such as ukraine lost the war and their parents dont want them cbsnws3g4qnb9,Then 16-year-old Vlad Rudenko says he was taken from his home by armed men and sent to a Russian-controlled camp in Crimea. Children at the camp say they were told lies such as: Ukraine lost the war and their parents don‚Äôt want them. cbsn.ws/3G4QNB9,11/20/2023,0.0,0.0,0.0,0.57,0.43,-4,-2,-0.849,-1,0.9149938821792603
McGillAthletics,novice team routine 1 mcgillathletics 2 abbottislanders 3 uottawageegees  6,Novice Team Routine:1. @McGillAthletics2. @AbbottIslanders3. @uOttawaGeeGees...6/,11/20/2023,0.0,0.0,0.0,0.0,0.0,0,1,0.0,0,0.9638504385948181
MHaskells,thats 2 ounces more than what a typical muslim has,Thats 2 ounces more than what a typical Muslim has,11/20/2023,0.0,0.0,0.0,0.0,0.0,0,0,0.0,0,0.9493823647499084
wulterwhut,but it is so fucking consistent with poll data some populations by in large have evil thoughts in their head its a part of life you have such a distorted view of history who keeps offering peace treaties and who keeps rejecting them again,but it is so fucking consistent with poll data. Some populations by in large have evil thoughts in their head. Its a part of life. You have such a distorted view of history. Who keeps offering peace treaties and who keeps rejecting them again?,11/20/2023,0.17,0.0,0.0,0.0,0.83,-8,-2,-0.872,-1,0.9212043881416321
Angry_Staffer,i needed this tweet from tom tonight   im going to try to stop feeding the trolls,I needed this tweet from Tom tonight. I‚Äôm going to try to stop feeding the trolls.,11/20/2023,0.0,1.0,0.0,0.0,0.0,-1,0,-0.296,1,0.519198477268219
RadioFreeTom,why this sound like the tuba guy at the pulga,Why this sound like the tuba guy at the pulga???,11/20/2023,0.0,0.0,0.0,0.0,0.0,2,1,0.3612,0,0.882274329662323
QuincyMcgill14,nothing was taken from them the muslims seized the land from the byzantines in the 7th century,nothing was taken from them. The muslims seized the land from the byzantines in the 7th century,11/20/2023,0.0,0.0,0.0,0.0,1.0,0,0,0.0,-1,0.6180365085601807
wulterwhut,the annihilation of the state of israel the murder of jews,the annihilation of the State of Israel. The murder of Jews.,11/20/2023,0.0,0.0,0.0,1.0,0.0,-2,-2,-0.6908,-1,0.9743167161941528
McGillAthletics,experienced team routine 1 mcgillathletics  2 queensgaels  3 mcgillathletics   5,Experienced Team Routine:1. @McGillAthletics 2. @queensgaels 3. @McGillAthletics ...5/,11/20/2023,0.0,0.0,0.0,0.0,0.0,0,1,0.0,0,0.9427151083946228
wulterwhut,ironic how the ccp shills always use western infrastructure and technological ip against the west by disseminating pure libellous propaganda how much is china paying you youre a disgrace,Ironic how the CCP shills always use Western infrastructure and technological IP against the West by disseminating pure libellous propaganda. How much is China paying you? Youre a disgrace,11/20/2023,0.0,0.0,0.0,1.0,0.0,-5,-2,-0.6908,-1,0.977350115776062
McGillAthletics,novice duet routine 1 tara fitzgerald  diana paparelli mcgillathletics  2 annabelle aug√©  laurence soucy uottawageegees  3 sydney dam  bridget marsland guelph_gryphons   5,Novice Duet Routine:1. Tara Fitzgerald & Diana Paparelli @McGillAthletics 2. Annabelle Aug√© & Laurence Soucy @uOttawaGeeGees 3. Sydney Dam & Bridget Marsland @guelph_gryphons ...5/,11/20/2023,0.0,0.0,0.0,0.0,0.0,0,1,0.0,0,0.9533681273460388
bansaw99,i was agreeing with bbvcr in playing himself into the backup role is not insignificant tyrod making 65m this season as backup,I was agreeing with BBVCR in playing himself into the backup role is not insignificant Tyrod making 6.5m this season as backup,11/20/2023,0.0,0.0,0.0,0.67,0.33,-2,-1,0.6412,0,0.6911981105804443
bansaw99,whats his salary this year,Whats his salary this year?,11/20/2023,0.0,0.0,0.0,0.0,0.0,0,0,0.0,0,0.9572384357452393
CoachMcGillpt2,oh yeah rick and morty is back,Oh yeah Rick and Morty is back,11/20/2023,0.0,0.0,1.0,0.0,0.0,1,0,0.296,1,0.9725043773651123
McGillAthletics,experienced duet routine 1 hadas barabash  sierra motzek wloowarriors 2 catherine mcgee  olivia mclaughlin mcgillathletics 3 molly chen  sydney denstedtbarr wloowarriors   3,Experienced Duet Routine:1. Hadas Barabash & Sierra Motzek @WlooWarriors2. Catherine McGee & Olivia McLaughlin @McGillAthletics3. Molly Chen & Sydney Denstedt-Barr @WlooWarriors ...3/,11/20/2023,0.0,0.0,0.0,0.0,0.0,0,1,0.0,0,0.9536868929862976
McGillAthletics,mcgill invitational artistic swim meet results nov 1823  memorial pool  experienced solo routine 1 anna dolgova mcgillathletics  2 chlo√© mcallister uottawageegees  3 no√©mie girard mcgillathletics   2,McGill Invitational Artistic Swim Meet Results(Nov. 18/23 @ Memorial Pool)Experienced Solo Routine:1. Anna Dolgova @McGillAthletics 2. Chlo√© McAllister @uOttawaGeeGees 3. No√©mie Girard @McGillAthletics ...2/,11/20/2023,0.0,0.0,0.0,0.0,1.0,0,1,0.0,0,0.9685035347938538
benphillips76,this is prof madhukar pai md phd fcahs is a canada research chair in epidemiology  global health at mcgill university montreal   he is global health eminence par excellence   and he just eviscerated global health,This is Prof. Madhukar Pai MD PhD FCAHS is a Canada Research Chair in Epidemiology & Global Health at McGill University Montreal. He is global health eminence par excellence. And he just eviscerated global health. üßµü™°,08/01/2022,0.0,0.0,0.0,0.0,0.0,3,2,0.6249,1,0.9446372985839844
GraceRandolph,moviemath is up  themarvels suffers the worst 2nd weekend drop ever for the mcu  hungergames prequel underperforms  is disneys wish next   more  pipedvideowatchvfvsp2wyd,#MovieMath is up!#TheMarvels suffers the worst 2nd weekend dropEVER for the #MCU...#HungerGames prequel underperforms...Is #Disneys #Wish next?!& MORE!piped.video/watch?v=fVsp2wyD‚Ä¶,11/19/2023,0.0,0.0,0.0,1.0,0.0,-5,-2,-0.765,-1,0.9625868201255798
yosoyfiesta8769,10 man started 04 then 15 now i am 65,10 man started 0-4 then 1-5 now I am 6-5.,11/20/2023,0.0,0.0,0.0,0.0,0.0,0,0,0.0,0,0.967933714389801
jspoon90,dont know what this guys about but the woke msm is labeling him as farright and thats good because another light on the woke msm swamp has been lit up and the fight against wokeism is progressing for now lets not hope the pendulum swings too far the other way,dont know what this guys about but the woke MSM is labeling him as far-right and thats good because another light on the woke MSM swamp has been lit up and the fight against wokeism is progressing for now. Lets not hope the pendulum swings too far the other way.,11/20/2023,0.0,0.0,0.0,0.75,0.25,4,1,-0.3937,1,0.647484540939331
mansuroutsold,bad vocals  bad performing bad outfits  bad songs bad lip syncing  bad lyrics  bad dancing   is there anything she good at,bad vocals bad performingbad outfits bad songsbad lip syncing bad lyrics bad dancing is there anything she good at?,11/19/2023,0.0,0.5,0.0,0.0,0.5,-18,-6,-0.9705,-1,0.9797641038894653
markmcg86965342,justin trudeau has degrees from mcgill and ubc and then taught students high school math  analytic geometry calculus vectors and advanced functions etc  which nitwits like career politician never had a real job pierre poilievre lets face it likely cant even spell properly,Justin Trudeau has degrees from McGill and UBC and then taught students high school math - analytic geometry calculus vectors and advanced functions etc - which nitwits like career politician never had a real job Pierre Poilievre lets face it likely cant even spell properly.,11/20/2023,0.17,0.0,0.0,0.5,0.33,3,3,0.5423,-1,0.9669471383094788
jacksonTesfaye_,i did a surprise engagement shoot today and their response to getting engaged and their appreciation of me being the one to shoot it reminded me that this is why i do what i do my clients matter and the moments they choose to have me capture matter this is my why,I did a surprise engagement shoot today and their response to getting engaged and their appreciation of ME being the one to shoot it reminded me that this is WHY I do what I do. My clients matter and the moments they choose to have me capture matter. This is my why ‚ù§Ô∏è,11/20/2023,0.14,0.0,0.14,0.14,0.57,2,0,0.7579,1,0.9512200355529785
iesha_633,the idea that hamas having slaughtered 1200 israelis would have rushed these mutilated survivors to hospital in gaza for medical treatment is an extraordinary contortion of reality,The idea that Hamas having slaughtered 1200 Israelis would have rushed these mutilated survivors to hospital in Gaza for medical treatment is an extraordinary contortion of reality.,11/20/2023,1.0,0.0,0.0,0.0,0.0,0,0,0.0,-1,0.92121422290802
wanderer4477,black friday cyber monday really klaus schwab is wrong  let us be thankful we have commerce buy more buy more now and be happy george lucas thx1138  the folly of endless consumerism sends us on a wild goosechase for happiness through materialism bryant mcgill,üê±Black Friday Cyber Monday... Really Klaus Schwab is wrong?‚ÄùLet us be thankful we have commerce. Buy more. Buy more now. And be happy‚ÄùGeorge Lucas THX1138‚ÄúThe folly of endless consumerism sends us on a wild goose-chase for happiness through materialism‚ÄùBryant McGill,11/20/2023,0.6,0.0,0.0,0.2,0.2,6,1,0.836,-1,0.6394518613815308
McGaze,kissaholic4life    im thankful i got to visit with family from out of town and out of country this year,@KISSaholic4life    Im thankful I got to visit with family from out of town and out of country this year!,11/20/2023,0.33,0.0,0.33,0.33,0.0,2,1,0.5719,1,0.9886274933815002
reproutopia,doctors without borders saying it hasnt seen brutality like the destruction of gaza  and governmental inaction to stop it like this  ever before,Doctors Without Borders saying it hasnt seen brutality like the destruction of Gaza - and governmental inaction to stop it like this - ever before,11/19/2023,0.0,1.0,0.0,0.0,0.0,-2,-1,-0.7845,-1,0.9015754461288452
bonnie1019_Habs,interesting maybe they will start using n mcgill,Interesting. Maybe they will start using n McGill,11/20/2023,1.0,0.0,0.0,0.0,0.0,2,1,0.4019,1,0.8012111186981201
jackdaw_writes,in case you wonder if this is true  it is and documented,in case you wonder if this is true - it is and documented.,11/19/2023,0.0,0.0,1.0,0.0,0.0,0,1,0.4215,0,0.9432011842727661
Jairo_I_Funez,congratulations to javier milei the next president of argentina  and a man prepared to fight and defeat the communists,Congratulations to Javier Milei the next president of Argentina -- and a man prepared to fight and defeat the communists.,11/18/2023,0.0,0.0,0.0,1.0,0.0,2,2,0.0516,1,0.9796472787857056
CitizenFreePres,no degree or date on wiki and says he was at mcgill in 1964 another google site he wasnt born yet,No Degree or date on Wiki and says he was at McGill in 1964- another google site.he wasnt born yet ü§£ü§£,11/19/2023,0.0,0.0,0.0,1.0,0.0,-1,0,-0.296,0,0.7893871665000916
KenPaxtonTX,fewer boundaries,Fewer boundaries,11/19/2023,0.0,0.0,0.0,0.0,0.0,0,0,0.0,0,0.8761858940124512
commen7ary,he and jimmy mcgill would be best of friends i swear  send mcgill through a storm please,he and jimmy mcgill would be Best of Friends i swearsend mcgill through a Storm please,11/20/2023,0.25,0.25,0.0,0.25,0.25,2,1,0.8555,1,0.6889075636863708
Reverse1999_GL,traitor mcconnell called j6 a violent insurrection then fought to put cheney  kinzinger on the j6 committee  he called the j6 certification his most consequential vote   he was in on it all,Traitor McConnell called J6 a ‚Äòviolent insurrection‚Äô then fought to put Cheney & Kinzinger on the J6 committee. He called the J6 certification his ‚Äòmost consequential vote.‚Äô HE WAS IN ON IT ALL!,11/20/2023,0.0,0.0,0.0,1.0,0.0,-3,-3,-0.7351,0,0.596804141998291
catturd2,liv mcgill was making plays on both ends of the floor at the breakdownusa fall league mcgiaivia1   full highlights pipedvideoxjxvu1e0opa,Liv McGill was making plays on both ends of the floor at the @BreakdownUSA Fall League! @mcgiaiviA1 Full highlights: piped.video/XjXVU1E0OpA,11/19/2023,0.0,0.0,0.2,0.2,0.6,0,-1,0.25,0,0.9710261821746826
FreshCoastHoops,democrats said trump would usher in the end of liberal democracy but its been democrats not republicans who have sought to criminalize speech undermine equal justice under the law and incarcerate their political opponents,Democrats said Trump would usher in the end of liberal democracy. But its been Democrats not Republicans who have sought to criminalize speech undermine equal justice under the law and incarcerate their political opponents.,11/01/2023,0.0,0.0,0.67,0.0,0.33,0,0,0.4215,-1,0.9191892147064209
shellenberger,2024  liv mcgill  thank you 3ssbgcircuit for all the opportunities you have provided for these athletes   metrostarsfamily 3ssbg rememberthewhy,2024 Liv McGillThank you @3SSBGCircuit for all the opportunities you have provided for these athletes! #metrostarsfamily #3SSBG #RememberTheWhy,11/19/2023,1.0,0.0,0.0,0.0,0.0,4,1,0.6249,1,0.9866071939468384
LibertyCappy,she was she comes here tries to act all queb u went to mcgill i know what u are,she was. she comes here tries to act all queb. u went to mcgill i know what u are!!!,11/19/2023,0.0,0.0,0.0,0.0,0.0,0,0,0.0,0,0.6079255938529968
MnMetroStars,want to see two of americas best go head to head dont miss the breakdownusa girls tip off classic dec 12 as gatorswbk commit liv mcgill mcgiaivia1 of hopkingbb takes on umichwbball signee oliviaolson2024  bsmgirlshoops saturday night at 830 liv is legit,Want to see two of Americas best go head to head? Dont miss the @BreakdownUSA Girls Tip Off Classic Dec 1-2 as @GatorsWBK commit Liv McGill (@mcgiaiviA1) of @HopkinGBB takes on @umichwbball signee @OliviaOlson2024 & @BSMGirlsHoops Saturday night at 8:30. Liv is legit!,11/02/2023,0.0,0.0,0.29,0.29,0.43,3,1,0.7989,1,0.8236224055290222
lesbianylander,fireworks show in san diego where a computer glitch caused the entire 18 minute show to go off in 25 seconds,Fireworks show in San Diego where a computer glitch caused the entire 18 minute show to go off in 25 seconds,11/20/2023,0.0,0.5,0.0,0.0,0.5,0,-1,0.0,-1,0.6743389368057251
crazyclipsonly,i would further argue even if literally every single 1400 of the dead are all highranking idf commanders and they were all killed by magic painless bullets that and palestinian militant invasion against israel would still be unjustified,I would further argue even if literally every single 1400 of the dead are all high-ranking IDF commanders and they were all killed by magic painless bullets that and Palestinian militant invasion against Israel would still be unjustified.,11/19/2023,0.0,0.0,1.0,0.0,0.0,-6,-1,-0.875,-1,0.8823366165161133
jacksonTesfaye_,depends on the funder  mcgill has definitely gotten a bite out of my stuff foundations foreign grants not quite at us levels though,Depends on the funder!McGill has definitely gotten a bite out of my stuff (foundations foreign grants). Not quite at US levels though.,11/20/2023,0.0,0.5,0.0,0.0,0.5,1,0,0.5574,0,0.9110252261161804
FilmUpdates,fo michael sukkar  youve never cared about anyone but yourself in all your time in parliament  you and your party created the housing crisis robodebt fucked the administration of the ndis and more  you have no relevance or integrity on any issue,FO Michael Sukkar.  Youve never cared about anyone but yourself in all your time in Parliament.  YOU and your party created the Housing crisis Robodebt fucked the administration of the NDIS and more.  You have NO relevance or integrity on any issue.,11/19/2023,0.33,0.0,0.0,0.33,0.33,-6,-2,-0.8466,-1,0.9820006489753723
ghiblipicture,hamas tunnel found beneath victoria parade between the eye and ear hospital and st vincents hospital  israel claims there are 1500kms of hamas tunnels under melbourne,Hamas tunnel found beneath Victoria Parade between the Eye and Ear Hospital and St Vincent‚Äôs Hospital. Israel claims there are 1500kms of Hamas tunnels under Melbourne.,11/19/2023,0.0,0.0,0.5,0.5,0.0,0,0,0.0,0,0.8611943125724792
mitsuoxp,marge deleted this would be a shame if it got around,Marge deleted this. Would be a shame if it got around. ü§∑üèº‚Äç‚ôÄÔ∏è,11/19/2023,0.0,0.0,0.0,0.0,0.0,-2,-1,-0.4767,-1,0.9217326641082764
Jansant,she bought me a double cassette huge boombox to go with them,...& SHE BOUGHT ME A DOUBLE CASSETTE HUGE BOOMBOX TO GO WITH THEM...,11/20/2023,0.0,0.0,0.0,0.0,0.0,1,0,0.3182,0,0.5473592877388
SoFoCoDM,i genuinely feel bad for the defense,I genuinely feel bad for the defense.,11/20/2023,0.0,0.0,0.0,0.5,0.5,-3,-1,-0.4588,-1,0.9220430850982666
YahooMcgill,my mom bought me these 4  laugh attack llcoolj radio beastie bots license to ill   run dmc raising hellall between my birthday in december  christmas,MY MOM BOUGHT ME THESE 4 LAUGH ATTACK..LLCOOLJ RADIOBEASTIE BOTS LICENSE TO ILL & RUN DMC RAISING HELL...ALL BETWEEN MY BIRTHDAY IN DECEMBER & CHRISTMAS...,11/20/2023,0.0,0.0,0.0,0.0,1.0,-2,-1,-0.3182,0,0.5866428017616272
C70,plenty of stlcardsrelated stuff to talk about this week and ipopeditor is here to help me make sense of it  give it a listen gatewaytbhpodbeancomegtb,Plenty of #stlcards-related stuff to talk about this week and @iPopEditor is here to help me make sense of it.  Give it a listen! gatewaytbh.podbean.com/e/gtb‚Ä¶,11/20/2023,0.0,0.33,0.0,0.33,0.33,2,0,0.4019,1,0.6309705972671509
CoachMcGillpt2,im glad others are noticing at least 23 times dude got hit late and nothing,I‚Äôm glad others are noticing. At least 2-3 times dude got hit late and nothing,11/20/2023,0.25,0.25,0.0,0.25,0.25,3,1,0.4588,1,0.6616905927658081
GuntherEagleman,if i opened the door and invited you into my house would you feel welcomed   then imagine me calling the police and having you arrested for trespassing    j6 for dummies,If I opened the door and invited you into my house would you feel welcomed‚Ä¶? Then imagine me calling the police and having you arrested for trespassing.  J6 for dummies,11/19/2023,0.25,0.0,0.25,0.0,0.5,-1,0,-0.1779,-1,0.5711730718612671
44MagnumBlue1,us marine corps private first class cleveland keal jr was killed in action on november 19 1967 in quang nam province south vietnam cleveland was 20 years old and from port arthur texas b company 1st bn 7th marines remember cleveland today he is an american hero,U.S. Marine Corps Private First Class Cleveland Keal Jr. was killed in action on November 19 1967 in Quang Nam Province South Vietnam. Cleveland was 20 years old and from Port Arthur Texas. B Company 1st Bn 7th Marines. Remember Cleveland today. He is an American Hero.üá∫üá∏,11/19/2023,0.0,0.0,0.67,0.0,0.33,-1,0,-0.2263,0,0.525133490562439
stridershade,whoever the fuck made this needs to be shot im serious,whoever the fuck made this needs to be shot im serious,11/19/2023,0.5,0.0,0.0,0.5,0.0,-4,-1,-0.5859,-1,0.9776036739349365
dvorahfr,open the bloom of your heart and become a gift of beauty to the world  bryant mcgill,‚ÄúOpen the bloom of your heart and become a gift of beauty to the world.‚Äù- Bryant McGill,11/19/2023,0.33,0.0,0.0,0.33,0.33,2,2,0.7717,1,0.9591710567474365
notmiamc,just a couple of jeopardy besties being real at bar trivia and winning thankfully,Just a couple of @Jeopardy! besties being real at bar trivia (and winning thankfully)  ü´∂ü´∂,11/20/2023,0.0,0.0,0.0,0.5,0.5,2,0,0.4767,1,0.9634870886802673
atensnut,it was no accident  this hate filled group of radicals hid the truth about j6 from the public   they should be prosecuted to the full extent of the laws they exploited,It was no accident.  This hate filled group of radicals hid the Truth about J6 from the public. They should be prosecuted to the full extent of the laws they exploited.,11/19/2023,0.0,0.17,0.33,0.17,0.33,-11,-2,-0.9136,-1,0.976980447769165
AndrewMcGIsMe,and bodily organs   this is going to be terrifying and horrific,And bodily organs. This is going to be terrifying and horrific.,11/20/2023,0.0,0.0,0.5,0.0,0.5,-3,-1,-0.8442,-1,0.9616408944129944
tonyannett,after 26 years of service lt col ryan mcgill is a firstyear osteopathic medical school student at khsc_kansascom mcgill a combat veteran of iraq afghanistan and africa previously served as a senior physician assistant for the us army  bitly3mkrdox doproud,After 26 years of service Lt. Col. Ryan McGill is a first-year osteopathic medical school student at @KHSC_KansasCOM. McGill a combat veteran of Iraq Afghanistan and Africa previously served as a senior physician assistant for the U.S. Army. bit.ly/3MKrdox#DOProud,11/20/2023,0.0,0.0,0.0,0.0,0.0,-1,0,-0.34,1,0.863460898399353
AOAforDOs,media blackout 10 news stories they chose not to tell you this week 111923  10  pilot warns of airline industry disaster due to covid19 vaccines  9  senator ron johnson presents the most censored chart in congressional history  8  yale study reveals the most common chronic symptoms after covid19 vaccination  7  bad news strikes the doublevaccinated with an alarming health risk revelation  6  video footage shows alleged cashforvotes scheme in broad daylight  5  toddler dies two days after receiving routine vaccinations  4  soccer players are still collapsing and dying three years after covid19 vaccine rollout  3  attorney accuses the cia and dod of being deeply involved with covid19  2  neverbeforeseen footage upends j6 committees insurrection narrative  1  obgyn drops alarming miscarriage data before congress she says ive never seen this before  repost and follow for more headlines next week articles are included in the thread below,Media Blackout: 10 News Stories They Chose Not to Tell You This Week (11/19/23)#10 - Pilot warns of airline industry disaster due to COVID-19 vaccines.#9 - Senator Ron Johnson presents the most censored chart in congressional history.#8 - Yale study reveals the most common chronic symptoms after COVID-19 vaccination.#7 - Bad news strikes the double-vaccinated with an alarming health risk revelation.#6 - Video footage shows alleged cash-for-votes scheme in broad daylight.#5 - Toddler dies two days after receiving routine vaccinations.#4 - Soccer players are still collapsing and dying three years after COVID-19 vaccine rollout.#3 - Attorney accuses the CIA and DoD of being deeply involved with COVID-19.#2 - Never-before-seen footage upends J6 Committee‚Äôs ‚Äúinsurrection‚Äù narrative.#1 - OB-GYN drops alarming miscarriage data before Congress; she says ‚ÄúI‚Äôve never seen this before.‚ÄùRepost and follow for more headlines next week. Articles are included in the thread below.,11/19/2023,0.05,0.0,0.37,0.21,0.37,-16,-9,-0.9589,-1,0.8652344346046448
RosalindMcGill6,hock wide open there not even lookin at him,Hock wide open there not even lookin at him.,11/20/2023,0.0,0.0,0.0,0.0,1.0,0,0,0.0,0,0.8490262627601624
JimMcGill57,new record   caitlinclark22 sets a new record for most 30point games in di womens basketball  ncaawbb x iowawbb,üö® NEW RECORD üö®@CaitlinClark22 sets a new record for most 30-point games in DI womens basketball!#NCAAWBB x @IowaWBB,11/20/2023,0.0,0.0,0.0,0.0,1.0,0,0,0.0,1,0.8866905570030212
MarchMadnessWBB,you got any black or latino support you represent a lilly white district in minnesota   the base of the party is more than just a bunch of white moderates,You got any Black or Latino support? You represent a lilly white district in Minnesota. The base of the party is more than just a bunch of White Moderates.,11/20/2023,0.0,0.0,0.0,0.33,0.67,2,1,0.6597,0,0.89555823802948
Jay_McGill94,im not sending a dm i want to know why i pay money for live events to buffer and kick me out,Im not sending a dm. I want to know why I pay money for live events to buffer and kick me out,11/20/2023,0.0,0.0,0.5,0.0,0.5,0,0,-0.1586,-1,0.9676964282989502
deanbphillips,we won miamcfan anjinyquist ericahasic family_fued,We won! @miamcfan @AnjiNyquist @EricAhasic @Family_Fued,11/19/2023,0.0,0.0,0.0,0.0,0.0,3,1,0.5719,1,0.9633938074111938
IttaiSopher,then youre either incredibly young or you havent been paying attention good luck to you,Then youre either incredibly young or you havent been paying attention. Good luck to you,11/20/2023,0.5,0.0,0.0,0.0,0.5,6,3,0.7096,-1,0.5149554014205933
DSTPRL,do you havent lived long  got it,Do you haven‚Äôt lived long.  Got it!,11/20/2023,0.0,0.0,0.0,0.0,1.0,0,0,0.0,0,0.7131338119506836
MemphisFor,you must be 2 years old,You must be 2 years old.,11/20/2023,0.0,0.0,0.0,0.0,0.0,0,0,0.0,0,0.8290237784385681
McGillRehab,prof barbara gibsons presents things could be otherwise mobilizing critical rehabilitation studies for the 2023 edith astonmccrimmon lecture nov 23 4pm  rsvp mcgillcaspotchannelseven,Prof. Barbara Gibson‚Äôs presents ‚ÄúThings Could be Otherwise: Mobilizing Critical Rehabilitation Studies for the 2023 Edith Aston-McCrimmon Lecture.Nov 23 4pm RSVP: mcgill.ca/spot/channels/even‚Ä¶,11/20/2023,0.0,0.0,0.5,0.0,0.5,0,-1,-0.3182,0,0.9682958126068115
dadogeking,canes box combo with extra toast and no coleslaw,Canes box combo with extra toast and no coleslaw,11/19/2023,0.0,0.0,1.0,0.0,0.0,-1,0,-0.296,0,0.908945620059967
RlCKYRAGE,david crowe is the christmas grinch  it has some achievements already such as those on the budget surplus climate medicare housing childcare industry trade with china  more but looks weary this week arent we all weary of a crap msm auspol,David Crowe is the Christmas grinch. It has some achievements already such as those on the budget surplus climate Medicare housing childcare industry trade with China & more but looks weary this week.Arent we all weary? Of a crap MSM. #auspol,11/18/2023,0.0,0.0,0.33,0.67,0.0,-7,-2,-0.8588,-1,0.6467618346214294
eatatjoe2,alp did a dreadful job countering all the lnp lies  successful fear campaign albomp as lnp is emboldened by this  supported by msm it will get far worse esp rw troll armies using sm now very successfully has alp got a strategy or sleep walk towards election defeat auspol,ALP did a dreadful job countering all the LNP lies & successful fear campaign. @AlboMP As LNP is emboldened by this & supported by MSM. It will get far worse esp RW troll armies using SM now very successfully. Has ALP got a strategy or sleep walk towards election defeat? #auspol,11/20/2023,0.22,0.11,0.0,0.44,0.22,-3,0,-0.6227,-1,0.9455862045288086
TaodeHaas,congratulations to our tennant the mtlalouettes on winning the grey cup signed percival molson memorial stadium,Congratulations to our tennant the ‚Å¶@MTLAlouettes‚Å© on winning the Grey CupSignedPercival Molson Memorial Stadium,11/19/2023,0.0,0.0,0.0,0.5,0.5,5,2,0.8176,1,0.9889177083969116
mcgillmd921,the one that got away   damn it would be really really nice to have him on our roster right about now,The one that got away. Damn it would be really really nice to have him on our roster right about now.,11/20/2023,0.5,0.5,0.0,0.0,0.0,-1,1,0.1708,1,0.6848307847976685
YahooMcgill,hey sasha greyare you checking out my floppy disk  smiling at my joystick  in this fun sjmm sashagrey pointclick,HEY SASHA GREY...ARE YOU CHECKING OUT MY FLOPPY DISK & SMILING AT MY JOYSTICK üïπÔ∏è IN THIS FUN #SJMM #SASHAGREY #POINTCLICK,11/18/2023,0.67,0.0,0.33,0.0,0.0,6,2,0.7906,1,0.8958492875099182
1drcole,do you agree with the singer  connectblue,Do you agree with the singer?  #connectblue,11/19/2023,0.0,0.0,0.0,0.0,0.0,1,0,0.3612,0,0.9717475771903992
DrDemography,stop using the term mum and dad investor its a trap to trick people into believing these investors are ordinary average people ordinary average people dont own multiple properties wealth portfolios etc,Stop using the term ‚Äòmum and dad‚Äô investor. It‚Äôs a trap to trick people into believing these investors are ordinary average people. Ordinary average people don‚Äôt own multiple properties wealth portfolios etc.,11/19/2023,0.0,0.0,0.33,0.0,0.67,1,-2,-0.128,-1,0.7245498299598694
KamalaHarris,congress can and must pass reasonable gun safety laws to save lives   in the meantime president joebiden and i are not waiting around through the white house office of gun violence prevention we will continue to work to save lives,Congress can and must pass reasonable gun safety laws to save lives. In the meantime President @JoeBiden and I are not waiting around. Through the White House Office of Gun Violence Prevention we will continue to work to save lives.,11/19/2023,0.0,0.17,0.33,0.0,0.5,0,2,0.0772,1,0.6969050168991089
MichaelaNewell_,the levels of killings in just over one month together with the annihilatory language of israeli leaders and military point not to targeting of hamas but to the unleashing of deadly violence against palestinians as per the un genocide convention latimescomopinionstory20,‚ÄúThe levels of killings in just over one month together with the annihilatory language of Israeli leaders and military point not to targeting of Hamas.. but to the unleashing of deadly violence against Palestinians.. (as per) the UN Genocide Convention.‚Äù latimes.com/opinion/story/20‚Ä¶,11/20/2023,0.0,0.0,0.75,0.0,0.25,-3,-2,-0.8555,-1,0.9529885053634644
Kon__K,i can already see the next federal election is going to be based on dog whistling fear mongering the further dehumanising of refugee migrant and first nation communities and on climate change denial     we cannot accept this we have to stand up for our community  unite,I can already see the next Federal election is going to be based on dog whistling fear mongering the further dehumanising of refugee migrant and First Nation communities and on climate change denial.   We cannot accept this. We have to stand up for our community & unite.,11/20/2023,0.0,0.0,0.0,0.75,0.25,-3,-2,-0.7339,-1,0.9709221124649048
RichardMcGill89,the steroids we dont even care anymore but your son right behind bauer on our list of guys we dont want around the game you should have been a better dad,‚ÄúThe steroids? We don‚Äôt even care anymore. But your son? Right behind Bauer on our list of guys we don‚Äôt want around the game. You should have been a better dad.‚Äù,11/20/2023,0.0,0.0,0.0,0.0,0.0,5,2,0.4025,-1,0.9366609454154968
Kay17591004,any boy should be allowed to wear their hair long at school,Any boy should be allowed to wear their hair long at school.,11/19/2023,0.0,0.0,0.5,0.0,0.5,0,0,0.0,0,0.8609530329704285
RichardMcGill89,justin trudeau has degrees from mcgill and ubc and then taught students high school math  analytic geometry calculus vectors and advanced functions etc  which nitwits like career politician never had a real job pierre poilievre lets face it likely cant even spell properly,Justin Trudeau has degrees from McGill and UBC and then taught students high school math - analytic geometry calculus vectors and advanced functions etc - which nitwits like career politician never had a real job Pierre Poilievre lets face it likely cant even spell properly.,11/20/2023,0.17,0.0,0.0,0.5,0.33,3,3,0.5423,-1,0.9669471383094788
KevinMcRed,special things come to those who blaspheme,Special things come to those who blaspheme!,11/20/2023,0.0,0.0,1.0,0.0,0.0,0,-1,0.4019,1,0.6330921053886414
McGaze,forgot to tag kissaholic4life  and me_over_there  when i posted that monopoly the 1980s edition is my favorite because its the only one im familiar with,Forgot to tag @KISSaholic4life  and @me_over_there  when I posted that Monopoly¬Æ The 1980s Edition is my favorite (because its the only one Im familiar with).,11/20/2023,0.5,0.5,0.0,0.0,0.0,2,1,0.4588,1,0.8460166454315186
juanelegonzalez,straight filth from the freshman  omahahky  tannerludtke,Straight filth from the FreshmanüòÆ‚Äçüí®#OmahaHKY | @TannerLudtke,11/20/2023,0.0,0.0,0.0,0.0,0.0,1,-1,0.2263,-1,0.9534041881561279
bigballernut447,i say im a bears fan then people act surprised when they find out i have a substance abuse problem,I say Im a bears fan then people act surprised when they find out I have a substance abuse problem,11/20/2023,0.0,0.0,0.33,0.33,0.33,-2,-2,-0.5719,-1,0.8809460401535034
Jay_McGill94,americans are the spoiled children of the western world,Americans are the spoiled children of the Western World.,11/20/2023,0.0,0.0,0.0,0.0,0.0,0,-1,0.0,-1,0.9737074971199036
SharonM28627721,im aware of that look i have no idea whether he cheated or what but mcgill gave him a ba if there was controversy about how he got it no one has come forward for now he has a legitimate degree i hate trudeau if someone will find evidence of this being a fraud do it,I‚Äôm aware of that. Look I have no idea whether he cheated or what but McGill gave him a BA. If there was controversy about how he got it no one has come forward. For now he has a legitimate degree. I hate Trudeau if someone will find evidence of this being a fraud do it.,11/20/2023,0.0,0.0,0.2,0.4,0.4,-12,-4,-0.9501,-1,0.877106249332428
RichardMcGill89,it says a lot to make stuff up to be mad what a miserable life,It says a lot to make stuff up to be mad. What a miserable life.,11/20/2023,0.0,0.4,0.0,0.4,0.2,-6,-2,-0.7506,-1,0.9760313630104065
CraiG_Mc,100 arizona baby  looks like its done wonders for a number of players,100%. Arizona baby!! üí™. Looks like it‚Äôs done wonders for a number of players,11/20/2023,0.0,0.0,0.5,0.0,0.5,2,2,0.4215,1,0.9772285223007202
RichardMcGill89,he said that this is worse nepotism than ben verlander,He said that? This is worse nepotism than Ben Verlander.,11/20/2023,0.0,0.0,0.0,0.5,0.5,-3,-2,-0.4767,-1,0.9634496569633484
McGaze,liked and retweeted,Liked and retweeted.,11/20/2023,0.0,0.0,0.0,0.0,0.0,2,1,0.4215,1,0.7138964533805847
Millions,reply and follow millions for a chance to win 100  retweet for an extra entry in todays giveaway,Reply and follow @Millions for a chance to win $100.Retweet for an extra entry in today‚Äôs giveaway! üå≤,11/19/2023,0.0,0.0,0.0,0.0,1.0,6,1,0.7003,0,0.7195764780044556
McGaze,emergency roadside toolkit giveaway sweepsciktir_efrqtf,Emergency Roadside Toolkit Giveaway swee.ps/ciKTiR_eFrqTF,11/20/2023,0.0,0.0,1.0,0.0,0.0,-2,-1,-0.3818,0,0.9453663229942322
My_MedSchool,mcgill university faculty of medicine mymedschoolorgstaging3763,McGill University Faculty of Medicine mymedschool.org/staging/3763‚Ä¶,11/20/2023,0.0,0.0,0.0,0.0,0.0,0,0,0.0,0,0.9591165781021118
beinlibertarian,join the prayer circle                                                                            flus gets fired              tmrw morning,Join the prayer circle:                 üïØ      üïØ        üïØ                           üïØ        üïØ     Flus gets fired  üïØÔ∏è           tmrw morning                 üïØ                                     üïØ        üïØ                          üïØ                  üïØ      üïØ,09/10/2023,0.0,0.0,0.0,0.0,0.0,-1,0,-0.34,-1,0.6731413006782532
ArmandoBayolo,someone needs to read up on the dirty war and how argentina historically fares under right wingers,Someone needs to read up on the Dirty War and how Argentina historically fares under right wingers.,11/20/2023,0.0,1.0,0.0,0.0,0.0,-4,0,-0.7783,-1,0.526467502117157
McGillMichael,coach i a lot of friends feeling the same way,üòÇCoach I a lot of friends feeling the same way.,11/20/2023,0.5,0.0,0.0,0.5,0.0,1,0,0.5574,0,0.9506925940513611
_crisenberg_,gnomontv  quest for fingerprints 1981 everett mcgill rae dawn chong ron perlman  prehistoric police procedural adventure film about the struggle for control of forensic science by early humans  pipedvideowatchvuv43vh3t pipedvideowatchvfmlgrooc gnomonchroniclescomwikiqu,#GnomonTV Quest for Fingerprints (1981)Everett McGill Rae Dawn Chong Ron PerlmanPrehistoric police procedural adventure film about the struggle for control of forensic science by early humans.piped.video/watch?v=UV43vH3T‚Ä¶‚Ä¶ piped.video/watch?v=fMLGROOc‚Ä¶gnomonchronicles.com/wiki/Qu‚Ä¶,11/20/2023,0.0,0.0,0.0,0.0,1.0,0,0,0.0,0,0.963973343372345
GnomonChronicl1,a sustainable alternative to air conditioningposted by cleantechnica   i find this research from mcgill university ucla and princeton promising and highly relevant in addressing the growing demand for sustainable cooling solutions,A Sustainable Alternative To Air Conditioning---Posted by cleantechnica. I find this research from McGill University UCLA and Princeton promising and highly relevant in addressing the growing demand for sustainable cooling solutions.,11/20/2023,0.33,0.0,0.0,0.33,0.33,1,3,0.5574,1,0.9815763235092163
CFunderburg,no im not depressed im sure theres just something wrong with the planets or stars or something,no i‚Äôm not depressed i‚Äôm sure there‚Äôs just something wrong with the planets or stars or something,11/14/2023,0.0,0.0,0.0,1.0,0.0,-5,-2,-0.5514,-1,0.8424656391143799
MtijanMKamara,mcgill big 3 will do wonders for that back pain and likely resolve the imbalance causing the pain,McGill Big 3 will do wonders for that back pain and likely resolve the imbalance causing the pain.,11/20/2023,0.0,0.0,0.5,0.0,0.5,-1,-2,-0.6124,1,0.770104706287384
ankpowell,justin trudeau has degrees from mcgill and ubc and then taught students high school math  analytic geometry calculus vectors and advanced functions etc  which nitwits like career politician never had a real job pierre poilievre lets face it likely cant even spell properly,Justin Trudeau has degrees from McGill and UBC and then taught students high school math - analytic geometry calculus vectors and advanced functions etc - which nitwits like career politician never had a real job Pierre Poilievre lets face it likely cant even spell properly.,11/20/2023,0.17,0.0,0.0,0.5,0.33,3,3,0.5423,-1,0.9669471383094788
chronononono,i double checked before posting  poppy mcgill is an antisocialist and he thinks this describes socialism and its a bad thing,I double checked before posting.  Poppy McGill is an anti-socialist and he thinks this describes socialism and its a bad thing,05/24/2023,0.0,0.0,1.0,0.0,0.0,-3,-1,-0.5423,-1,0.8315958976745605
TerraOrBust,someone tell this young boy that hes the first mexican in f1 history to become subchampion,someone tell this young boy that he‚Äôs the first mexican in f1 history to become subchampion ü§ç,11/19/2023,0.0,0.0,0.0,0.0,1.0,0,0,0.0,0,0.5070098638534546
rbrgirly,jalen ramsey this season  3 games 3 ints  new team same jalen,Jalen Ramsey this season:3 games3 INTsNew team same Jalen üê¨,11/19/2023,0.0,0.0,0.0,0.0,0.0,0,0,0.0,0,0.945315420627594
Baoliaogeming64,we won miamcfan anjinyquist ericahasic family_fued,We won! @miamcfan @AnjiNyquist @EricAhasic @Family_Fued,11/19/2023,0.0,0.0,0.0,0.0,0.0,3,1,0.5719,1,0.9633938074111938
IttaiSopher,just a couple of jeopardy besties being real at bar trivia and winning thankfully,Just a couple of @Jeopardy! besties being real at bar trivia (and winning thankfully)  ü´∂ü´∂,11/20/2023,0.0,0.0,0.0,0.5,0.5,2,0,0.4767,1,0.9634870886802673
notmiamc,tristan is determined to succeed he puts in a lot of effort and needs only one chance,Tristan is determined to succeed; he puts in a lot of effort and needs only one chance üíØ,11/20/2023,0.0,0.0,0.0,0.67,0.33,4,1,0.765,1,0.8153460621833801
vivi_elo,jimmy mcgill is who he is before he puts on the expression,jimmy mcgill is who he is before he puts on The Expression,11/20/2023,0.0,0.0,0.0,1.0,0.0,0,0,0.0,0,0.8824813365936279
packers,one down gotta keep it rollin   thats a week 11 dub  lacvsgb  gopackgo,One down gotta keep it rollin! üõûThats a Week 11 DUB.#LACvsGB | #GoPackGo,11/19/2023,0.0,0.0,0.0,0.0,0.0,0,0,0.0,1,0.6445578336715698
McgillVen,f hes bringing it back,F*** hes bringing it back.,11/20/2023,0.0,0.0,0.0,1.0,0.0,0,0,0.0,0,0.9525375962257385
Ninja,justin trudeau has degrees from mcgill and ubc and then taught students high school math  analytic geometry calculus vectors and advanced functions etc  which nitwits like career politician never had a real job pierre poilievre lets face it likely cant even spell properly,Justin Trudeau has degrees from McGill and UBC and then taught students high school math - analytic geometry calculus vectors and advanced functions etc - which nitwits like career politician never had a real job Pierre Poilievre lets face it likely cant even spell properly.,11/20/2023,0.17,0.0,0.0,0.5,0.33,3,3,0.5423,-1,0.9669471383094788
MrDash109,hes a ginger bum,He‚Äôs a ginger bum,11/19/2023,0.0,0.0,0.0,1.0,0.0,0,-1,0.0,-1,0.9433763027191162
DUNMAGLASS6,if you are studying in the city ckut can be your map   mcgill undergrads can vote here ssmusimplyvotingcom anytime before tomorrow at 11 am   pictured above is our 247 program grid hand illustrated by volunteer and mcgill student ella prisco,If you are studying in the city CKUT can be your map. McGill undergrads can vote here: ssmu.simplyvoting.com/ anytime before TOMORROW at 11 am! Pictured above is our 24/7 program grid hand illustrated by volunteer and McGill student Ella Prisco.,11/20/2023,0.0,0.0,0.0,0.0,0.0,0,0,0.4939,0,0.8951818943023682
ckut,justin trudeau has zero degrees he dropped out of mcgill after 1 academic year next he dropped out of polytechnic university of montreal after 1 semester out in bc a friend got him a parttime job at a private academy left in the 2nd year then taught snowboarding,Justin Trudeau has zero degrees. He dropped out of McGill after 1 Academic Year Next he dropped out of Polytechnic University of Montreal after 1 semester. Out in BC a friend got him a part-time job at a private academy left in the 2nd year. Then taught snowboarding.,11/20/2023,0.33,0.0,0.0,0.33,0.33,0,2,0.4939,0,0.895509660243988
101_derek,my response,My response:,11/19/2023,0.0,0.0,0.0,1.0,0.0,0,0,0.0,0,0.9254612922668457
_emergent_,hes an absolute legend,Hes an Absolute Legend. üíØüèÜüá¶üá∑,11/20/2023,0.0,0.0,0.0,0.0,1.0,0,0,0.0,1,0.9834346175193787
CraiG_Mc,100 some people dont realise that kind of talent he is and the player he has the potential to be hopefully he gets a full preseason and good crack it come round 1 next year,100%. Some people don‚Äôt realise that kind of talent he is and the player he has the potential to be. Hopefully he gets a full preseason and good crack it come round 1 next year. ü§û,11/20/2023,1.0,0.0,0.0,0.0,0.0,7,2,0.7968,1,0.9171838760375977
CFL,the alouettes are 2023 greycup champions,üèÜ The ALOUETTES ARE 2023 #GreyCup CHAMPIONS üèÜ,11/20/2023,1.0,0.0,0.0,0.0,0.0,0,0,0.5267,1,0.8883222937583923
trentism0,im gatekeeping liverpool es socialista liverpool es de izquierda liverpool esta contra thatcher vayanse a buscar un equipo tory como chelsea city o el united liverpool es del pueblo,Im gatekeeping. LIVERPOOL ES SOCIALISTA. LIVERPOOL ES DE IZQUIERDA. LIVERPOOL ESTA CONTRA THATCHER. VAYANSE A BUSCAR UN EQUIPO TORY COMO CHELSEA CITY O EL UNITED LIVERPOOL ES DEL PUEBLO,11/20/2023,0.0,0.0,0.0,0.0,0.0,1,0,0.4215,0,0.9395346641540527
WallStreetSilv,javier melei  new president of argentina  socialism is    i love this guy,üîä ‚Ä¶ Javier Melei New President of ArgentinaSocialism is ‚Ä¶ ‚Äúü§Æ‚ÄùI love this guy.,11/20/2023,1.0,0.0,0.0,0.0,0.0,3,1,0.6369,1,0.9921938180923462
MSUDenverMBB,final  ot  msudenver 75 fhsu 71   mario lacy jr 14 pts 16 rebs careerhigh  2 ast 2 blk 3 stl  brayden maldonado 21 pts 5 rebs 5 ast 4 stl  caleb mcgill 15 pts 7 rebs 3 ast 1 blk 1 stl  ot dub at the crib   getrowdy,‚è±FINAL - OT | #MSUDenver 75 FHSU 71üèÄ Mario Lacy Jr.: 14 pts 16 rebs (career-high üî•) 2 ast 2 blk 3 stlüèÄ Brayden Maldonado: 21 pts 5 rebs 5 ast 4 stlüèÄ Caleb McGill: 15 pts 7 rebs 3 ast 1 blk 1 stlOT dub at the crib üí™üò§üî•#GetRowdyüî¥üîµ,11/19/2023,0.0,0.0,0.0,0.0,1.0,0,2,0.0,0,0.9456272125244141
kurtpeacock,video mtl vive mtlalouettes  now pkp make some calls about that tuition policy for mcgill and every out of province student will be lifelongfans what a game,Video mtl! Vive @MTLAlouettes ! Now PKP make some calls about that tuition policy for McGill and every out of province student will be life.long.fans. what a game!,11/20/2023,0.0,0.0,0.0,0.5,0.5,0,0,0.0,1,0.7300853133201599
ghiblipicture,strong female characters ghibli did it before it was cool,Strong female characters... Ghibli did it before it was cool,11/19/2023,0.67,0.0,0.0,0.0,0.33,3,2,0.6808,1,0.8649991750717163
BigRowdy90,watchin anythin on peacock is ridiculous  always buffers always interruptions why do i pay money for a site that dont work,Watchin anythin on @peacock is ridiculous.  Always buffers always interruptions. Why do I pay money for a site that dont work?,11/20/2023,0.0,0.0,0.5,0.0,0.5,-4,-1,-0.6808,-1,0.9752559065818787
McgillMac44,the hell you say,The hell you say‚Ä¶.,11/20/2023,0.0,0.0,0.0,0.0,0.0,-4,-1,-0.6808,-1,0.9569227695465088
mcgillmd921,me too,Me too!,11/20/2023,0.0,0.0,0.0,0.0,0.0,0,0,0.0,0,0.8393639922142029
laineyruns,actually history shows that it is far more prevalent than we are willing to admit  take a progressive member of congress from nevada who developed the city of chevy chase he did not allow home ownership to black or jewish people didnt happen until 1960s,Actually history shows that it is far more prevalent than we are willing to admit. Take a progressive member of Congress from Nevada who developed the city of Chevy Chase. He did not allow home ownership to Black or Jewish people. Didn‚Äôt happen until 1960‚Äôs.,11/20/2023,0.0,0.0,0.17,0.33,0.5,0,2,0.0346,0,0.7382550835609436
slippinjimmy80,hate crime,Hate crime,11/20/2023,0.0,0.0,0.0,1.0,0.0,-6,-2,-0.802,-1,0.9470909237861633
CraiG_Mc,not sure but i know he was touted as close to if not the early pick for number 1 in the year prior 2021 to his draft year he was apparently ahead of guys like wardlaw etc before getting the injuries in his draft year,Not sure but I know he was touted as close to if not the early pick for Number 1 in the year prior (2021) to his draft year. He was apparently ahead of guys like wardlaw etc before getting the injuries in his draft year.,11/20/2023,0.5,0.0,0.0,0.0,0.5,0,1,0.444,0,0.9430572390556335
MHaskells,okay but no one should be able to drive 100mph hell people shouldnt even be able to drive 80mph,Okay but no one should be able to drive 100mph. Hell people shouldnt even be able to drive 80mph.,11/20/2023,0.0,0.0,0.0,0.0,1.0,-5,-1,-0.8674,-1,0.9526985883712769
Coastfootball,offer nextlevel coastfootball,#Offer #NextLevel #CoastFootball üèàüî•üî•üèà,11/20/2023,0.0,0.0,0.0,0.0,1.0,0,0,0.0,0,0.9106722474098206
JimMcGill57,good honest man bad president rip mrs carter,Good honest man. Bad president. RIP Mrs. Carter,11/20/2023,0.0,0.0,0.0,0.0,0.0,2,0,0.4019,-1,0.4945405125617981
PopBase,harry potter and the deathly hallows part 1 was released 13 years ago today,‚ÄòHarry Potter and the Deathly Hallows: Part 1‚Äô was released 13 years ago today.,11/19/2023,0.0,0.0,0.0,0.0,1.0,0,1,0.0,0,0.8415086269378662
NancyMcGill1,the internet and social media created a gullible public,The Internet and social media created a gullible public.,11/20/2023,0.0,0.0,0.0,0.0,1.0,-2,-1,-0.128,-1,0.8902602195739746
GuntherEagleman,adam kinzinger and liz cheney belong in prison for lying to the american people    agree,Adam Kinzinger and Liz Cheney belong in prison for lying to the American people.  Agree?,11/19/2023,1.0,0.0,0.0,0.0,0.0,-1,-2,-0.6369,-1,0.974251925945282
CoachJohn20,respect medal of honor hero,#Respect Medal of Honor Hero,11/19/2023,1.0,0.0,0.0,0.0,0.0,7,3,0.9186,1,0.9780340790748596
44MagnumBlue1,we lost our best in war the best of us in every way those killed in action and those who came home forever scarred,We lost our best in war. The best of us in every way. Those killed in action and those who came home forever scarred.,11/19/2022,0.0,0.0,0.2,0.6,0.2,-2,-1,-0.3182,-1,0.9682471752166748
44MagnumBlue1,justin trudeau has degrees from mcgill and ubc and then taught students high school math  analytic geometry calculus vectors and advanced functions etc  which nitwits like career politician never had a real job pierre poilievre lets face it likely cant even spell properly,Justin Trudeau has degrees from McGill and UBC and then taught students high school math - analytic geometry calculus vectors and advanced functions etc - which nitwits like career politician never had a real job Pierre Poilievre lets face it likely cant even spell properly.,11/20/2023,0.17,0.0,0.0,0.5,0.33,3,3,0.5423,-1,0.9669471383094788
44MagnumBlue1,did someone say threepeat   gobears  kepttheaxe,Did someone say three-peat? ü™ì#GoBears | #KepttheAxe,11/19/2022,0.0,0.0,0.0,0.0,0.0,0,0,0.0,0,0.9694008827209473
MrDash109,this man was having sex with his 14 yo student he also made the mother sign an nda in return give her 2 millions the man with a degree from mcgill is not a law abiding citizen  hes a corrupt leader a liar and dictator   canada cdnpoli cdnpolitics freecanadafromtrudeau,This man was having sex with his 14 y.o student!He also made the mother sign an NDA in return give her 2 millions!The man with a degree from McGill is not a law abiding citizen. Hes a corrupt leader a liar and dictator!!  #Canada #cdnpoli #cdnpolitics #FreeCanadafromTrudeau,11/19/2023,0.0,0.0,0.2,0.2,0.6,-3,-3,-0.5106,-1,0.9754845499992371
CalFootball,agtg after a great conversation with coach_cezar97 im blessed to receive a pwo from savannahstatefb gulfport_fb recruittheg,#AGTG After a great conversation with @Coach_Cezar97 I‚Äôm blessed to receive a PWO from @SavannahStateFB @Gulfport_FB #RecruitTheG,11/20/2023,0.67,0.0,0.33,0.0,0.0,3,1,0.8402,1,0.9921716451644897
Wild_Flower_Ma,cinema has yet to top this,cinema has yet to top this,11/20/2023,0.0,0.0,1.0,0.0,0.0,2,1,0.2023,1,0.9333983659744263
SeanMcgill71,can you handle triple digit inflation lmao   okay tough guy,Can you handle triple digit inflation? Lmao!!!! Okay tough guy....,11/20/2023,0.0,0.0,0.0,0.0,1.0,4,1,0.6486,0,0.6018532514572144
Jay_McGill94,i voted for that motherfer excuse my language so that all the citys essential agencies would be properly funded  ironically hes the one actually defunding everything including the police  damn him,I voted for that motherfer (excuse my language) so that all the Citys essential agencies would be properly funded.Ironically hes the one actually defunding everything (including the Police).Damn him...,11/20/2023,0.25,0.0,0.25,0.25,0.25,-5,-2,-0.34,-1,0.9330989122390747
RealJamesWoods,the narrative is that palestinians and hamas are two different mindsets here are palestinians reacting to hamas terrorists carrying the trophy bodies of raped and murdered israeli women through their enclave,The narrative is that Palestinians and Hamas are two different mindsets. Here are Palestinians reacting to Hamas terrorists carrying the trophy bodies of raped and murdered Israeli women through their enclave.,11/19/2023,0.0,0.0,0.0,0.0,1.0,0,0,-0.9337,-1,0.9165071845054626
CraiG_Mc,dont go sleeping on this kid got an absolute jet on our hands  hopefully he can have a full preseason  and attack next year head on godons,Don‚Äôt go sleeping on this kid got an absolute jet on our hands. Hopefully he can have a full preseason ü§û and attack next year head on. #GoDons,11/20/2023,0.33,0.0,0.0,0.0,0.67,1,-1,-0.1027,1,0.9605860710144043
CharlieDons,digital warriors put the deep state in deep six with this one mean tweet  pls click on enforon post below  repost goodbyedeepstate onedexatatime,Digital Warriors put the Deep State in Deep Six with this one mean tweet.Pls click on Enforon post below & Repost!#GoodByeDeepState #OneDeXatATime,11/20/2023,0.0,0.0,0.0,1.0,0.0,0,0,0.0772,-1,0.7011380195617676
AmericanHubener,justin trudeau has degrees from mcgill and ubc and then taught students high school math  analytic geometry calculus vectors and advanced functions etc  which nitwits like career politician never had a real job pierre poilievre lets face it likely cant even spell properly,Justin Trudeau has degrees from McGill and UBC and then taught students high school math - analytic geometry calculus vectors and advanced functions etc - which nitwits like career politician never had a real job Pierre Poilievre lets face it likely cant even spell properly.,11/19/2023,0.17,0.0,0.0,0.5,0.33,3,3,0.5423,-1,0.9669471383094788
AmericanHubener,if the mtlalouettes do win the game it would be totally awesome if owner pkp asked the qc gov to reverse their tuition changes if mcgill students from other provs pledged to be loyal cfl alouettes fans forever not gonna happen but it would be magnifique if it did,If the @MTLAlouettes do win the game it would be totally awesome if owner PKP asked the QC gov to reverse their tuition changes if McGill students from other provs pledged to be loyal CFL Alouettes fans forever. Not gonna happen but it would be *magnifique* if it did.,11/17/2023,0.0,0.0,0.25,0.25,0.5,11,4,0.7308,1,0.713094174861908
MrDash109,just kidding but seriously thoughrudy bloomturd and deblasio were not good i was willing to give eric the benefit of the doubt but he shit the bed too with this lousy budget,Just kidding. But seriously though...Rudy Bloomturd and DeBlasio were not good. I was willing to give Eric the benefit of the doubt but he shit the bed too with this lousy budget.,11/19/2023,0.14,0.14,0.14,0.14,0.43,0,0,-0.9413,-1,0.9782359600067139
kurtpeacock,justice clarence thomas is the wisest person on the supreme court  hes experienced racism and injustice up close and personally  the people who want him off of the bench want him off because he is a true constitutionalist and they dont want this country governed using our constitution  the detractors of justice thomas want their politicians to dictate to we the people the wishes of the radicals without constitutional consideration  of course  most of the radical virtue signalers are merely useful tools of the elitists and will be in the same freedomless group with the rest of us if they get their way,JUSTICE CLARENCE THOMAS IS THE WISEST PERSON ON THE SUPREME COURT.Hes experienced racism and injustice up close and personally - The people who want him off of the bench want him off because he is a true Constitutionalist and they dont want this country governed using our Constitution.The detractors of Justice Thomas want their politicians to dictate to We the People the wishes of the radicals without Constitutional consideration.Of course - most of the radical virtue signalers are merely useful tools of the Elitists and will be in the same freedomless group with the rest of us if they get their way.,11/20/2023,0.14,0.0,0.14,0.14,0.57,6,-1,0.9432,0,0.6540935039520264
Jay_McGill94,what were watching is something never seen before  from the river to the sea make the world hamasfree  conservativeroofcomisrael,What were watching is something never seen before.From the river to the sea make the world Hamas-free!conservativeroof.com/israel-‚Ä¶,11/20/2023,0.0,0.0,0.5,0.5,0.0,0,0,0.0,1,0.6293250918388367
Rachel4Trump_45,im tired of the ideological fanaticism of leftists  if you need more reasons to stop watching the view heres one of them  conservativeroofcomamerica,Im tired of the ideological fanaticism of leftists.If you need more reasons to stop watching The View heres one of them!conservativeroof.com/america‚Ä¶,11/19/2023,0.0,0.0,0.5,0.5,0.0,-3,-2,-0.6557,-1,0.9711899757385254
janninereid1,trudeau has a bachelor degree from ubc taught drama at point grey junior high school  left half way thru 3rd year taught briefly at winston churchill and dropped out of studies at mcgill the facts are all available online from 30 or 40 sources cdnpoli abpoli,Trudeau has a bachelor degree from UBC taught drama at Point Grey Junior High School - left half way thru 3rd year taught briefly at Winston Churchill and dropped out of studies at McGill. The facts are all available online from 30 or 40 sources. #cdnpoli #abpoli,11/19/2023,0.0,0.0,0.2,0.6,0.2,-1,1,0.0516,0,0.9642171263694763
PaulaRed62,have faith,Have faith,11/20/2023,0.0,0.0,1.0,0.0,0.0,1,1,0.4215,1,0.6626696586608887
PaulaRed62,enjoy family and friends its the little victories that make a difference,Enjoy family and friends it‚Äôs the little victories that make a difference,11/20/2023,0.5,0.0,0.25,0.25,0.0,2,1,0.743,1,0.9920937418937683
gman5180,mhmm let one more thing sink in this  msncomenusnewsworldhow,Mhmm. Let one more thing sink in this ‚¨áÔ∏è‚¨áÔ∏è‚¨áÔ∏è‚¨áÔ∏è‚¨áÔ∏èmsn.com/en-US/news/world/how‚Ä¶,11/20/2023,0.0,0.0,0.0,1.0,0.0,0,-1,0.0,0,0.8136940598487854
speedysmm,biden i love your ears whats your name    girl catherine    biden what a beautiful name thats my mommys name well nice to see how old are you 17    tht otherchild she is 6    so creep,Biden: ‚ÄúI love your ears...... Whats your name?‚Äù  Girl: ‚ÄúCatherine.‚Äù  Biden: ‚ÄúWhat a beautiful name. Thats my mommys name. Well nice to see. How old are you? 17?‚Äù  Tht otherChild: ‚Äúshe is 6‚Äù  So CreepÔºÅü§Æü§Æü§Æ,11/20/2023,0.75,0.0,0.25,0.0,0.0,9,3,0.9186,1,0.9877381324768066
icebergz99,welcome to the empire state rotting away from the political cancer out of the big apple this once beautiful  prosperous state is being stifled with regulation  over taxation ny ranked least free state with high taxes debt regulation nypostcom20231119metro nypost,Welcome to the Empire State rotting away from the political cancer out of the Big AppleüóΩThis once beautiful & prosperous State is being stifled with regulation & over taxationüò°NY ranked Least Free State with high taxes debt regulationü¶Öüá∫üá∏ nypost.com/2023/11/19/metro/‚Ä¶ @nypost,11/20/2023,0.4,0.1,0.0,0.4,0.1,6,2,-0.2505,-1,0.9239283800125122
TiffLexi30,facts but you know ppl dont understand civics,Facts. But you know ppl dont understand civics,11/20/2023,0.0,0.0,0.0,0.0,0.0,0,0,0.0,-1,0.9388608336448669
libssukdonkydix,talk to pelosi and her crew  shes the one that orchestrated this entire load of bullshit,Talk to Pelosi and her crew.  She‚Äôs the one that orchestrated this entire load of bullshit !!!!,11/20/2023,0.0,0.0,0.0,0.0,1.0,-4,-1,-0.5859,-1,0.9707555174827576
Jay_McGill94,the new york city council and the nyc mayor are not federal offices or institutions they are part of the local government not the federal government,The New York City Council and the NYC Mayor are not federal offices or institutions. They are part of the local Government not the federal Government.,11/20/2023,0.0,0.0,0.0,0.0,1.0,0,0,0.0,0,0.858623743057251
Hippyd87544,libs hate jews libs hate christians libs love chaos when they cause it jexit msncomenusnewsopiniond,Libs hate JewsLibs Hate ChristiansLibs Love Chaos when THEY cause it#JEXITmsn.com/en-us/news/opinion/d‚Ä¶,11/19/2023,0.25,0.0,0.0,0.5,0.25,-5,-2,-0.7845,-1,0.9584031105041504
RSKellner,woke women keep the democraticparty in power yet joebidens iran policy furthers the proislam movement in the us as the sword of sharialaw dangles above their heads will these women wake up women are the most fanatical of my followers bragged adolf hitler in 1943,#Woke women keep the #DemocraticParty in power. Yet #JoeBiden‚Äôs #Iran policy furthers the pro-#Islam movement in the US.As the sword of #ShariaLaw dangles above their heads will these women wake up?‚ÄúWomen are the most fanatical of my followers‚Äù bragged Adolf Hitler in 1943.,11/19/2023,0.0,0.25,0.0,0.0,0.75,0,-1,0.0,-1,0.6951209306716919
Hippyd87544,time to primary these eight republicans torched for blocking mayorkas impeachment msncomenusnewspolitics,Time to PRIMARY These Eight Republicans Torched For Blocking Mayorkas Impeachment msn.com/en-us/news/politics/‚Ä¶,11/19/2023,0.0,0.0,0.0,0.0,1.0,-1,0,-0.3818,-1,0.9316374659538269
Hippyd87544,this woman nails it  mayorkas is a liar and a tyrant primary all rinos saveourrepublic facebookcomreel6966362990,This woman nails it.  Mayorkas is a liar and a tyrant.Primary all RINOs.#SaveOurRepublicfacebook.com/reel/6966362990‚Ä¶,11/19/2023,0.0,0.0,0.0,0.0,1.0,-3,-2,-0.5106,-1,0.967307448387146
NancyMcGill1,removetheprimeminister,#RemovethePrimeMinister üëá,11/20/2023,0.0,0.0,0.0,0.0,0.0,0,0,0.0,-1,0.6977774500846863
Concern70732755,anti semitism is real the left is the one spreading it bringthemhome facebookcomreel8796541603,Anti Semitism is realThe Left is the one spreading it.#BringThemHomefacebook.com/reel/8796541603‚Ä¶,11/19/2023,0.0,0.0,0.0,0.5,0.5,-1,0,-0.3182,-1,0.8788028955459595
Hippyd87544,these brave soldiers became the first casualties related to the israelhamas war freedomisnotfree facebookcomreel7037996316,These brave soldiers became the first casualties related to the Israel-Hamas War. #freedomisnotfreefacebook.com/reel/7037996316‚Ä¶,11/19/2023,0.0,0.0,0.0,0.5,0.5,0,1,-0.128,-1,0.8269528150558472
Hippyd87544,this is one of thought things that everyone should listen to what they say usually in years they get the rich want complete control and their soldiers are out1 democratic part obama soros gates bidens inc  rhinos believe it or not your vote matters donald j trump 2024,This is one of thought things that everyone should listen to! What they say usually in years they get. The rich want complete control and their soldiers are out.#1 Democratic partObamaSorosGatesBidens Inc Rhinos!Believe it or not your vote matters!Donald J. Trump 2024,11/19/2023,0.0,0.0,0.5,0.0,0.5,4,2,0.5894,0,0.8254736065864563
EdColon14,ladies and gentlemen if you are angry at the budget proposed by mayor adams like i am then you have to hold him and the city council accountable that budget is a local matter  this has nothing to do with biden the us congress or the us executive branch,Ladies and gentlemen if you are angry at the budget proposed by Mayor Adams (like I am) then you have to hold him and the City Council accountable. That budget is a local matter.This has nothing to do with Biden the US Congress or the US Executive Branch!!!!!,11/19/2023,0.0,0.25,0.25,0.0,0.5,0,0,-0.1779,0,0.4946914613246918
online_shogun,ladies and gentlemen of x this poor lady has had a helluva time this past 12 hours i want to let her know shes in good hands who can i count on to follow this great christian conservative patriot veteran _dal76 infernounited lets go,Ladies and Gentlemen of X this poor lady has had a helluva time this past 12 hours. I want to let her know shes in good hands. Who can I count on to follow this great Christian Conservative Patriot Veteran @_Dal76?#InfernoUnited lets GO!,11/19/2023,0.2,0.0,0.0,0.6,0.2,5,1,0.6652,1,0.9788812398910522
j0ker937,sentedcruz  senator ted cruz it was amazing to see nearly 300000 people march on the national mall and stand unequivocally with our friend and ally today we stand with their right to utterly destroy hamas  for as long as it takes  am yisrael chai  agreed senator,@SenTedCruz  Senator Ted Cruz üëâüèªIt was amazing to see nearly 300000 people march on the National Mall and stand unequivocally with our friend and ally todayüáÆüá±üá∫üá∏We stand with their right to utterly destroy Hamas  for as long as it takesüá∫üá∏AM Yisrael Chai üáÆüá±üá∫üá∏Agreed Senator üëèüèªüëèüèªüëèüèªüí™üèªüá∫üá∏üáÆüá±üá∫üá∏üôèüèª,11/19/2023,0.2,0.0,0.2,0.0,0.6,2,1,0.6494,1,0.9655391573905945
Ilegvm,first lady rosalynn carter has passed away may she rest in peace,First Lady Rosalynn Carter has passed away may she rest in Peace üá∫üá∏üá∫üá∏,11/19/2023,0.0,1.0,0.0,0.0,0.0,2,1,0.5423,1,0.5876185297966003
liz_churchill10,the man in the red sweater daniel later committed suicide because he learned that he was being charged with terrorism  liz cheney and adam kinzinger are guilty of treason and manslaughter,The man in the red sweater Daniel later committed suicide because he learned that he was being charged with Terrorism.  Liz Cheney and Adam Kinzinger are guilty of Treason and Manslaughter.,11/19/2023,0.33,0.17,0.0,0.0,0.5,-10,-4,-0.9382,-1,0.9533140659332275
Erdayastronaut,im editing our compilation of our slow mo footage from spacexs starship ift2 launch these shots are incredible im so proud of our team and wait until you hear the audio but for now heres a preview of considercosmoss tracker with my song cryo,Im editing our compilation of our slow mo footage from @SpaceXs #Starship IFT2 launch... these shots are INCREDIBLE!!! Im SO proud of our team. And wait until you hear the audio but for now heres a preview of @considercosmoss tracker with my song CRYO,11/20/2023,0.33,0.0,0.67,0.0,0.0,2,1,0.3602,1,0.9923672080039978
HecticGifts,new royal bobbles  better call saul jimmy mcgillsaul goodman figure  owlyb7xf50q3uau new hecticgifts royalbobbles bettercallsaul tvshow saulgoodman jimmymcgill bobblehead figure collectible freeshipping australiawide fastshipping,NEW Royal Bobbles - Better Call Saul: Jimmy McGill/Saul Goodman Figureow.ly/B7xF50Q3uaU#New #HecticGifts #RoyalBobbles #BetterCallSaul #TVShow #SaulGoodman #JimmyMcGill #BobbleHead #Figure #Collectible #FreeShipping #AustraliaWide #FastShipping,11/20/2023,0.0,0.0,0.0,0.0,0.0,2,1,0.4404,1,0.7376466989517212
CraiG_Mc,cant wait for elijah to have a full pre season  and attack next year head on i dont think many realise yet what a talent he is and the player he has the potential to be,Can‚Äôt wait for Elijah to have a full pre season ü§û and attack next year head on. I don‚Äôt think many realise yet what a talent he is and the player he has the potential to be.,11/20/2023,0.0,0.0,0.5,0.0,0.5,-1,0,-0.0772,1,0.9925132393836975
RealMattCouch,marines 1 thugs 0,Marines 1Thugs 0,11/19/2023,0.0,0.0,0.0,0.0,0.0,0,1,0.0,0,0.6212968826293945
ArmandKleinX,awesome  im glad to see finally see justice  theres a lot of misinformation out there going on remember the plo was founded in 1964 in the 70s and 80s the movement launched numerous jihadist attacks that contributed to the first intifada arrest them and bring them to the judge,üá∫üá∏Awesome üí™üèª Im glad to see finally see justice . Theres a lot of misinformation out there going on.Remember the PLO was founded in 1964 in the 70s and 80s the movement launched numerous jihadist attacks that contributed to the first intifadaüá∫üá∏Arrest them and bring them to the judge üí™üèªüá∫üá∏,11/19/2023,0.14,0.0,0.29,0.29,0.29,5,1,0.6597,0,0.4386674463748932
ArmandKleinX,awful  a war on christianity continues  unabated  a christian pastor hans schmidt 26 years old husband and father  was shot in the head wednesday evening while preaching the gospel on a street corner in glendale arizona,Awful  A War On Christianity Continues unabated !A Christian pastor Hans Schmidt 26 years old husband and father was shot in the head Wednesday evening while preaching the Gospel on a street corner in Glendale Arizona!,11/19/2023,0.0,0.0,0.0,0.5,0.5,-5,-1,-0.7845,-1,0.9775821566581726
EdColon14,normal is not coming back jesus is,Normal is not coming back Jesus is!,11/19/2023,0.0,0.0,1.0,0.0,0.0,1,0,0.0,0,0.8191981315612793
Hippyd87544,the democrats actions echo nazi germany jexit conservativeroofcomillinoi,The Democrats Actions ECHO Nazi Germany! #JEXIT conservativeroof.com/illinoi‚Ä¶,11/20/2023,0.0,0.0,0.0,0.0,1.0,0,0,0.0,-1,0.8382360339164734
thewinningdiff1,dont be a blame guy thats the first sign of loser mentality when you blame someone else for a mistake kirby smart a winners response to adversity inspires others to seek greatness,‚ÄúDon‚Äôt be a blame guy. That‚Äôs the first sign of loser mentality when you blame someone else for a mistake‚Äù Kirby SmartA winners response to adversity inspires others to seek greatness.,11/18/2023,0.25,0.0,0.0,0.5,0.25,-6,-2,0.4891,0,0.4040206968784332
LattinaBrown,now if their constituents get assaulted robbed or killed i like to see what their explanations will be to the families this is dangerous and irresponsible,Now if their constituents get assaulted robbed or killed I like to see what their explanations will be to the families. This is dangerous and irresponsible.,11/20/2023,0.0,0.0,0.5,0.25,0.25,1,-2,-0.9081,-1,0.9722115993499756
nypost,the real problem is trudeau trudeaubrokecanada,The real problem is Trudeau. #TrudeauBrokeCanada,11/20/2023,0.0,0.0,0.0,0.5,0.5,-2,-1,-0.4019,-1,0.964539647102356
NancyMcGill1,justin trudeau has degrees from mcgill and ubc and then taught students high school math  analytic geometry calculus vectors and advanced functions etc  which nitwits like career politician never had a real job pierre poilievre lets face it likely cant even spell properly,Justin Trudeau has degrees from McGill and UBC and then taught students high school math - analytic geometry calculus vectors and advanced functions etc - which nitwits like career politician never had a real job Pierre Poilievre lets face it likely cant even spell properly.,11/20/2023,0.17,0.0,0.0,0.5,0.33,3,3,0.5423,-1,0.9669471383094788
MrDash109,wagner hits the lone 2 unit play for the day in the first halfbringing those to  144 for the last 18    50 likes and rts for more of these plays,Wagner hits the lone 2 unit play for the day in the first half-bringing those to14-4 for the last 18. üç™ 50 Likes and RTs for more of these plays. ü§©,11/19/2023,0.17,0.17,0.0,0.17,0.5,2,0,0.6557,0,0.9543275833129883
TheMidnightR777,rfk jr on the most urgent problems facing america today  i think the wars are most important and also the destruction of the middle class in this country  we have a whole generation of kids that are not going to get into houses who polls show have lost faith in our country lost hope in their future  the other issue that im very much focused on is the chronic disease epidemic in children  when my uncle was president only 6 of americans had chronic disease 6 were overweight today 42 are obese 75 are overweight and at least 60 have chronic disease  im going to get us a safe food supply in this country and im going to reduce the toxic exposures and end the chronic disease epidemic,RFK Jr. on the most urgent problems facing America today:‚ÄúI think the wars are most important and also the destruction of the middle class in this country.We have a whole generation of kids that are not going to get into houses who polls show have lost faith in our country lost hope in their future.The other issue that I‚Äôm very much focused on is the chronic disease epidemic in children.When my uncle was president only 6% of Americans had chronic disease. 6% were overweight. Today 42% are obese 75% are overweight and at least 60% have chronic disease.I‚Äôm going to get us a safe food supply in this country and I‚Äôm going to reduce the toxic exposures and end the chronic disease epidemic.‚Äù,11/19/2023,0.17,0.08,0.17,0.17,0.42,-6,-13,-0.6386,-1,0.876556396484375
TheMidnightR777,are russians not white,Are Russians not white?,11/19/2023,0.0,0.0,0.0,0.0,1.0,0,0,0.0,0,0.8197962641716003
libssukdonkydix,new royal bobbles  better call saul jimmy mcgillsaul goodman figure  owlyb7xf50q3uau new hecticgifts royalbobbles bettercallsaul tvshow saulgoodman jimmymcgill bobblehead figure collectible freeshipping australiawide fastshipping,NEW Royal Bobbles - Better Call Saul: Jimmy McGill/Saul Goodman Figureow.ly/B7xF50Q3uaU#New #HecticGifts #RoyalBobbles #BetterCallSaul #TVShow #SaulGoodman #JimmyMcGill #BobbleHead #Figure #Collectible #FreeShipping #AustraliaWide #FastShipping,11/20/2023,0.0,0.0,0.0,0.0,0.0,2,1,0.4404,1,0.7376466989517212
HecticGifts,yes by all means  please tell us how often you think of the roman empire,Yes by all means...Please tell us how often you think of the Roman Empire.,11/20/2023,0.0,0.0,0.0,0.0,0.0,2,0,0.6124,0,0.9435367584228516
_corymcgill,as a cory i would like to speak out and disavow this particular cory we are better than this,As a Cory I would like to speak out and disavow this particular Cory‚Ä¶ we are better than this.,11/20/2023,0.0,0.0,0.0,0.0,1.0,4,1,0.6597,0,0.6631280183792114
mtlgazette,amid tensions mcgill students vote on propalestinian policy montrealgazettecomnewsloc,Amid tensions McGill students vote on pro-Palestinian policy montrealgazette.com/news/loc‚Ä¶,11/16/2023,0.0,0.0,0.0,0.0,1.0,0,0,-0.4019,0,0.9637849926948547
RichardMcGill89,or going wrong way down interstate in a car,Or going wrong way down interstate in a car!,11/20/2023,0.0,0.0,0.0,0.0,0.0,-2,-1,-0.4767,0,0.6382426619529724
JimMcGill57,no he is no worse than any of the rest of the lot if we are going to start expelling congress members we might as well expel the whole bunch and start fresh,No he is no worse than any of the rest of the lot. If we are going to start expelling congress members we might as well expel the whole bunch and start fresh.,11/20/2023,0.0,0.0,0.33,0.67,0.0,-8,0,-0.8225,-1,0.9749428033828735
JUCOFFrenzy,baller  jadenmcgill_ juco rb 60 205 co 2024 full qualifier held multiple d1 offers back in hs dupage_football  hl hudlcomv2lnqlh,Baller üö®: @JadenMcGill_ JUCO RB 6‚Äô0 205. C/O 2024. Full Qualifier. Held Multiple D1 Offers Back In HS. @Dupage_Football HL hudl.com/v/2LnqLH,11/15/2023,0.0,0.0,0.0,0.0,1.0,0,0,0.0,0,0.9669225215911865
NancyMcGill1,it pays to be trudeauchineseasset,It pays to be #TrudeauChineseAsset,11/20/2023,0.0,0.0,0.0,0.0,0.0,0,0,0.0,1,0.5970649719238281
AOAforDOs,after 26 years of service lt col ryan mcgill is a firstyear osteopathic medical school student at khsc_kansascom mcgill a combat veteran of iraq afghanistan and africa previously served as a senior physician assistant for the us army  bitly3mkrdox doproud,After 26 years of service Lt. Col. Ryan McGill is a first-year osteopathic medical school student at @KHSC_KansasCOM. McGill a combat veteran of Iraq Afghanistan and Africa previously served as a senior physician assistant for the U.S. Army. bit.ly/3MKrdox#DOProud,11/19/2023,0.0,0.0,0.0,0.0,0.0,-1,0,-0.34,1,0.863460898399353
chrismcgill825,not many teeth either guessing there arent many forks in their family trees,Not many teeth either. Guessing there aren‚Äôt many forks in their family trees,11/20/2023,0.0,0.0,1.0,0.0,0.0,0,0,0.0,-1,0.7273561358451843
euanmccolm,humza yousaf may come to regret his defence of his lying health secretary michael matheson my scotonsunday column scotsmancomnewsopinioneu,Humza Yousaf may come to regret his defence of his lying health secretary Michael Matheson. My @scotonsunday column: scotsman.com/news/opinion/eu‚Ä¶,11/19/2023,0.0,0.0,1.0,0.0,0.0,-2,-2,-0.7003,-1,0.8889505863189697
AlanMcGill14,nearly there finished chapters 13  14 today of the audiobook 12 more to go its going to be epic   audiobooks indieauthor scifi scifibooks thriller thrillerbooks thriller detective noir horrorcommunity,Nearly there. Finished Chapters 13 & 14 today of the Audiobook. 12 more to go! Its going to be epic. #audiobooks #indieauthor #scifi #scifibooks #thriller #thrillerbooks #thriller #detective #noir #HorrorCommunity,11/20/2023,0.0,0.0,0.0,1.0,0.0,0,0,0.2023,1,0.9724233150482178
MHaskells,muslim religion and arab culture  theyre literally appropriated from the jews,Muslim religion and Arab cultureTheyre literally appropriated from the Jews,11/20/2023,1.0,0.0,0.0,0.0,0.0,0,0,0.0,-1,0.6905818581581116
mcgill_heather,praying for good news about the vote this needs to end,Praying for good news about the vote! This needs to end!!,11/20/2023,0.0,0.0,0.0,0.0,1.0,4,1,0.6597,1,0.49059146642684937
jannarden,please help us stop live horse export from canada to japan 2nd vote on house floor tomorrow terrified draft horses flown 8000km in crates only to be slaughtered and eaten raw by wealthy clients wwwhorseshitca contact your mp never too late,Please help us stop live horse export from Canada to Japan! 2nd vote on house floor tomorrow!! Terrified Draft horses flown 8000km in crates- only to be slaughtered and eaten raw by wealthy clients. Www.horseshit.ca contact your MP!! Never too late!,11/20/2023,0.25,0.0,0.25,0.25,0.25,1,0,0.0772,-1,0.9525372385978699
AlanMcGill14,congrats thats awesome and well deserved,Congrats! Thats awesome and well deserved!,11/20/2023,0.0,0.0,1.0,0.0,0.0,6,2,0.8625,1,0.9911023378372192
elonmusk,made by humans on earth,Made by humans on Earth,11/20/2023,0.0,0.0,0.5,0.5,0.0,0,0,0.0,0,0.9295400381088257
AndrewMcGIsMe,i shudder to think what mileis plans for legalization of organ sales will do to vulnerable poor people and what sort of horrific market forces that will create,I shudder to think what Mileis plans for legalization of organ sales will do to vulnerable poor people and what sort of horrific market forces that will create.,11/20/2023,0.0,0.0,0.17,0.17,0.67,-7,-3,-0.8221,-1,0.9661787152290344
McgillTorrin,better than nothing even though its 8 clubs and its just vicnsw team gotta start somewhere especially when there is little money in it,Better than nothing even though its 8 clubs and its just vic/nsw team. gotta start somewhere especially when there is little money in it.,11/20/2023,0.0,0.0,0.0,0.0,0.0,2,1,0.4404,0,0.7650943994522095
Bobbyxcelticw,beauty and class,Beauty and Class !,11/20/2023,0.5,0.0,0.5,0.0,0.0,0,1,0.5859,1,0.7742314338684082
McgillTorrin,embarrassing if he doesnt like it he can fucken leave it dont need to hear complaining from a man who kisses the shoe of downsouth,embarrassing if he doesnt like it he can fucken leave it. dont need to hear complaining from a man who kisses the shoe of down-south,11/20/2023,0.0,0.0,0.0,0.33,0.67,-1,-1,-0.3421,-1,0.9730480313301086
Bobbyxcelticw,lmaolmao  by choice only im sure,LmaoLmao ! By choice only I‚Äôm sure !,11/20/2023,0.0,1.0,0.0,0.0,0.0,0,0,0.3182,0,0.8240507245063782
MELANIATRUMP,rosalynn carter leaves behind a meaningful legacy not only as first lady but as a wife and mother we will always remember her servants heart and devotion to her husband family and country may she rest in peace,Rosalynn Carter leaves behind a meaningful legacy not only as First Lady but as a wife and mother. We will always remember her servant‚Äôs heart and devotion to her husband family and country. May she rest in peace.,11/19/2023,0.33,0.0,0.33,0.33,0.0,4,2,0.886,1,0.9894011616706848
CoachMcGillpt2,get early work in tomorrow vitamins everyday,Get early work in tomorrow vitamins everyday,11/20/2023,0.0,0.0,0.0,0.0,1.0,0,1,0.0,0,0.7308995127677917
Travis_in_Flint,meet david brock the founder of the far left group media matters  brock was an avid conservative in the 90s and even exposed bill clinton which led to a lawsuit against clinton  then like magic something switched  he immediately became hillarys biggest supporter out of nowhere   he went so far in 2001 that he even exposed his source in the clinton scandal  he was all in on bill and hillary  after switching sides he decided to announce that he had risen above character attacks  instead it appears hes decided to attack and destroy anything that goes against the clintons    in 2004 he founded media matters  since then it appears the main goal has been non stop attacks on every one of clintons enemies  some of his employees were complaining in 2016 that the entire company had shifted into hillarys pr firm    this man wants to world to believe hes a changed man and a good person but the reality is that hes made his career out of completely destroying his enemies  hes met his match now  elon musk is going to give him the fame hes always wanted but not in a good way  i cant wait to see how this lawsuit plays out    whos ready for the thermonuclear lawsuits to drop,Meet David Brock the founder of the far left group Media Matters.  Brock was an avid conservative in the 90s and even exposed Bill Clinton which led to a lawsuit against Clinton.  Then like magic something switched.  He immediately became Hillary‚Äôs biggest supporter out of nowhere. He went so far in 2001 that he even exposed his source in the Clinton scandal.  He was all in on Bill and Hillary.  After switching sides he decided to announce that he had risen above character attacks.  Instead it appears he‚Äôs decided to attack and destroy anything that goes against the Clintons.  In 2004 he founded Media Matters.  Since then it appears the main goal has been non stop attacks on every one of Clinton‚Äôs enemies.  Some of his employees were complaining in 2016 that the entire company had shifted into Hillary‚Äôs PR firm.  This man wants to world to believe he‚Äôs a changed man and a good person but the reality is that he‚Äôs made his career out of completely destroying his enemies.  He‚Äôs met his match now.  Elon Musk is going to give him the fame he‚Äôs always wanted but not in a good way.  I can‚Äôt wait to see how this lawsuit plays out.  Who‚Äôs ready for the thermonuclear lawsuits to drop?,11/19/2023,0.09,0.0,0.18,0.18,0.55,-12,0,-0.879,0,0.6696256995201111
CoachMcGillpt2,same first games in months neither of us were in shape,Same. First games in months. Neither of us were in shape.,11/20/2023,0.0,0.0,0.0,0.0,0.0,0,0,0.0,-1,0.8775830864906311
LeafCultMember,thats funny,Thats funny!,11/20/2023,0.0,0.0,1.0,0.0,0.0,4,-1,0.4404,1,0.8326098918914795
cmacthebigmac1,former presidents who keep confidential documents at their florida resort should go to jail,Former presidents who keep confidential documents at their Florida resort should go to jail.,11/20/2023,0.0,0.0,0.0,0.0,0.0,0,0,0.0,-1,0.9680365920066833
CoachMcGillpt2,i did that once or twice today,I did that once or twice today‚Ä¶,11/20/2023,0.0,0.0,0.0,0.0,0.0,0,0,0.0,0,0.9610635042190552
cmacthebigmac1,she ignored a direct order to stand down  fuck around and find out  she and the other members of the hillbilly horde should have kept their crusty butts away from the capitol,She ignored a direct order to stand down.  Fuck around and find out.  She and the other members of the Hillbilly Horde should have kept their crusty butts away from the Capitol.,11/20/2023,0.17,0.17,0.0,0.17,0.5,-6,-2,-0.7003,-1,0.9781237244606018
TheeAndyMcGill,if russ runs 8 times again or takes 4 sacks and we miss by half a throw im gonna melt down,If Russ runs 8 times again or takes 4 sacks and we miss by half a throw im gonna melt down.,11/20/2023,0.0,0.0,0.25,0.25,0.5,-2,-1,-0.1531,-1,0.8397794365882874
brian_mcgill,college gods wont let missouri be good at both football and basketball in the same year has been this way since the beginning of time,College gods won‚Äôt let Missouri be good at both football and basketball in the same year. Has been this way since the beginning of time,11/20/2023,0.0,0.0,0.5,0.0,0.5,3,1,0.4404,-1,0.7206844091415405
McGILLINI,i think some of the talking heads need to chill about the direction of the program,I think some of the talking heads need to chill about the direction of the program.,11/20/2023,0.0,0.0,0.0,0.5,0.5,0,-1,0.0,-1,0.9202209115028381
esteban90_eh,first time in top 500 with blur_io  having a good time back in nfts,First time in top 500 with @blur_io Having a good time back in NFTs üòàüò¥,11/20/2023,0.0,0.0,1.0,0.0,0.0,5,2,0.5719,1,0.9800055027008057
Jimmy1102Mcgill,jacksonville sheriff says what the gun community has been saying for years pipedvideof4iqi9xjf6c via youtube,Jacksonville Sheriff Says What The Gun Community Has Been Saying For Years piped.video/F4IQI9xjF6c via @YouTube,11/20/2023,0.0,0.0,0.0,0.0,0.0,-1,0,-0.34,0,0.9621453881263733
aviator7,mcgill lol check their sponsors,McGillLolCheck their sponsors,11/20/2023,0.0,0.0,0.0,0.0,0.0,3,0,0.4215,0,0.9308104515075684
snoopymoding,i also only said that bc at the time the only person who said anything was skib and he said bro,i also only said that bc at the time the only person who said anything was skib and he said ‚Äúbro.‚Äù,11/20/2023,0.0,0.0,0.0,0.0,0.0,0,0,0.0,0,0.95814049243927
Alejand41582012,omfg i saw the good place before bcs lmfao they really had chuck mcgill as the hermit on acid,Omfg I saw the good place before BCS lmfao they really had chuck McGill as the hermit on acid üòÇüòÇüòÇ,11/20/2023,0.0,0.0,0.0,0.0,1.0,7,1,0.7506,0,0.7124419808387756
snoopymoding,celeste affected girls,celeste affected girls.,11/20/2023,0.0,0.0,0.5,0.5,0.0,-1,0,-0.1531,-1,0.5753841996192932
carpetasFCB,asked if winning a nobel peace prize or becoming president was the most exciting thing that happened to him jimmy carter responds when rosalynn said shed marry me  i think that was the most exciting thing,Asked if winning a Nobel Peace Prize or becoming President was the most exciting thing that happened to him Jimmy Carter responds ‚Äúwhen Rosalynn said she‚Äôd marry me ‚Äî I think that was the most exciting thing.‚Äù,11/19/2023,0.0,0.0,0.0,0.5,0.5,12,5,0.953,1,0.9872565269470215
KaivanShroff,so i flew from houston friday originally scheduled to fly back to nashville no rental cars at airport checked memphis none there either got to stl super late got rental 45 minutes before they closed   this movie was on my mind all day,So I flew from Houston Friday. Originally scheduled to fly back to Nashville. No rental cars at airport. Checked Memphis. None there either. Got to StL super late. Got rental 45 minutes before they closed. This movie was on my mind all day,11/19/2023,0.4,0.0,0.2,0.2,0.2,2,1,0.4019,0,0.7346826791763306
